,precision,recall,f1-score,support
Class_1,0.8,0.8275862068965517,0.8135593220338982,29.0
Class_2,0.5882352941176471,0.625,0.6060606060606061,16.0
Class_3,0.7,0.5384615384615384,0.608695652173913,13.0
Class_4,0.7941176470588235,0.84375,0.8181818181818182,32.0
Class_5,0.6896551724137931,0.7692307692307693,0.7272727272727274,26.0
Class_6,0.9411764705882353,0.7619047619047619,0.8421052631578947,21.0
accuracy,0.7591240875912408,0.7591240875912408,0.7591240875912408,0.7591240875912408
macro avg,0.7521974306964164,0.7276555460822701,0.735979231480143,137.0
weighted avg,0.7651041589553013,0.7591240875912408,0.7589660812513759,137.0
