,precision,recall,f1-score,support
Class_1,0.8275862068965517,0.8275862068965517,0.8275862068965517,29.0
Class_2,0.5263157894736842,0.625,0.5714285714285714,16.0
Class_3,0.7142857142857143,0.38461538461538464,0.5,13.0
Class_4,0.7428571428571429,0.8125,0.7761194029850748,32.0
Class_5,0.59375,0.7307692307692307,0.6551724137931033,26.0
Class_6,0.9333333333333333,0.6666666666666666,0.7777777777777778,21.0
accuracy,0.7153284671532847,0.7153284671532847,0.7153284671532847,0.7153284671532847
macro avg,0.7230213644744045,0.6745229148246389,0.6846807288135132,137.0
weighted avg,0.7336912079468745,0.7153284671532847,0.7142079863527996,137.0
