,precision,recall,f1-score,support
Class_1,0.8,0.8275862068965517,0.8135593220338982,29.0
Class_2,0.6666666666666666,0.625,0.6451612903225806,16.0
Class_3,0.75,0.6923076923076923,0.7199999999999999,13.0
Class_4,0.7941176470588235,0.84375,0.8181818181818182,32.0
Class_5,0.6896551724137931,0.7692307692307693,0.7272727272727274,26.0
Class_6,0.9411764705882353,0.7619047619047619,0.8421052631578947,21.0
accuracy,0.7737226277372263,0.7737226277372263,0.7737226277372263,0.7737226277372263
macro avg,0.7736026594545864,0.7532965717232959,0.7610467368281532,137.0
weighted avg,0.7790085528296393,0.7737226277372263,0.7740943109588995,137.0
