,precision,recall,f1-score,support
Class_1,0.7333333333333333,0.6875,0.7096774193548386,64.0
Class_2,0.5102040816326531,0.49019607843137253,0.5,51.0
Class_3,0.5161290322580645,0.5714285714285714,0.5423728813559322,56.0
Class_4,0.7162162162162162,0.6235294117647059,0.6666666666666666,85.0
Class_5,0.4888888888888889,0.6666666666666666,0.5641025641025641,66.0
Class_6,0.717391304347826,0.559322033898305,0.6285714285714286,59.0
accuracy,0.6062992125984252,0.6062992125984252,0.6062992125984252,0.6062992125984252
macro avg,0.6136938094461637,0.5997737936982702,0.601898493341905,381.0
weighted avg,0.6229083971249791,0.6062992125984252,0.6096466834062784,381.0
