,precision,recall,f1-score,support
Class_1,0.803921568627451,0.640625,0.7130434782608696,64.0
Class_2,0.53125,0.6666666666666666,0.591304347826087,51.0
Class_3,0.6666666666666666,0.6071428571428571,0.6355140186915887,56.0
Class_4,0.7848101265822784,0.7294117647058823,0.7560975609756098,85.0
Class_5,0.5652173913043478,0.7878787878787878,0.6582278481012658,66.0
Class_6,0.7954545454545454,0.5932203389830508,0.6796116504854368,59.0
accuracy,0.6771653543307087,0.6771653543307087,0.6771653543307087,0.6771653543307087
macro avg,0.6912200497725483,0.6708242358962075,0.6722998173901429,381.0
weighted avg,0.7003230721598136,0.6771653543307087,0.6802847964063155,381.0
