,precision,recall,f1-score,support
Class_1,0.803921568627451,0.640625,0.7130434782608696,64.0
Class_2,0.47619047619047616,0.5882352941176471,0.5263157894736842,51.0
Class_3,0.5714285714285714,0.5714285714285714,0.5714285714285714,56.0
Class_4,0.7532467532467533,0.6823529411764706,0.7160493827160493,85.0
Class_5,0.5376344086021505,0.7575757575757576,0.6289308176100629,66.0
Class_6,0.7804878048780488,0.5423728813559322,0.64,59.0
accuracy,0.6377952755905512,0.6377952755905512,0.6377952755905512,0.6377952755905512
macro avg,0.6538182638289086,0.6304317409423964,0.6326280065815396,381.0
weighted avg,0.6648171132792442,0.6377952755905512,0.6420223605380102,381.0
