,precision,recall,f1-score,support
Class_1,0.5974025974025974,0.7540983606557377,0.6666666666666666,61.0
Class_2,0.5263157894736842,0.40816326530612246,0.45977011494252873,49.0
Class_3,0.42,0.39622641509433965,0.4077669902912621,53.0
Class_4,0.7777777777777778,0.7129629629629629,0.7439613526570048,108.0
Class_5,0.6363636363636364,0.7466666666666667,0.6871165644171779,75.0
Class_6,0.8064516129032258,0.7352941176470589,0.7692307692307693,68.0
accuracy,0.6521739130434783,0.6521739130434783,0.6521739130434783,0.6521739130434783
macro avg,0.6273852356534868,0.6255686313888147,0.622418743034235,414.0
weighted avg,0.6547270882378285,0.6521739130434783,0.6497495495416054,414.0
