,precision,recall,f1-score,support
Class_1,0.6075949367088608,0.7868852459016393,0.6857142857142857,61.0
Class_2,0.5277777777777778,0.3877551020408163,0.44705882352941173,49.0
Class_3,0.40816326530612246,0.37735849056603776,0.3921568627450981,53.0
Class_4,0.7692307692307693,0.7407407407407407,0.7547169811320754,108.0
Class_5,0.675,0.72,0.6967741935483871,75.0
Class_6,0.803030303030303,0.7794117647058824,0.7910447761194029,68.0
accuracy,0.6618357487922706,0.6618357487922706,0.6618357487922706,0.6618357487922706
macro avg,0.6317995086756388,0.6320252239925194,0.6279109871314434,414.0
weighted avg,0.6590942970883088,0.6618357487922706,0.6571915718877183,414.0
