,precision,recall,f1-score,support
Class_1,0.6323529411764706,0.671875,0.6515151515151515,64.0
Class_2,0.4787234042553192,0.6081081081081081,0.5357142857142857,74.0
Class_3,0.4791666666666667,0.3108108108108108,0.3770491803278688,74.0
Class_4,0.68,0.6601941747572816,0.6699507389162562,103.0
Class_5,0.7010309278350515,0.8192771084337349,0.7555555555555555,83.0
Class_6,0.42857142857142855,0.1875,0.26086956521739124,16.0
accuracy,0.6038647342995169,0.6038647342995169,0.6038647342995169,0.6038647342995169
macro avg,0.5666408947508227,0.5429608670183226,0.5417757462077515,414.0
weighted avg,0.5952588486738484,0.6038647342995169,0.5921048706450552,414.0
