,precision,recall,f1-score,support
Class_1,0.6268656716417911,0.6885245901639344,0.6562500000000001,61.0
Class_2,0.40476190476190477,0.3469387755102041,0.3736263736263736,49.0
Class_3,0.32,0.3018867924528302,0.3106796116504854,53.0
Class_4,0.7227722772277227,0.6759259259259259,0.6985645933014355,108.0
Class_5,0.5631067961165048,0.7733333333333333,0.651685393258427,75.0
Class_6,0.803921568627451,0.6029411764705882,0.6890756302521008,68.0
accuracy,0.5966183574879227,0.5966183574879227,0.5966183574879227,0.5966183574879227
macro avg,0.573571369729229,0.5649250989761361,0.563313600348137,414.0
weighted avg,0.6038435304818386,0.5966183574879227,0.5941630076165411,414.0
