,precision,recall,f1-score,support
Class_1,0.6727272727272727,0.6491228070175439,0.6607142857142858,57.0
Class_2,0.5076923076923077,0.5,0.5038167938931297,66.0
Class_3,0.5959595959595959,0.6483516483516484,0.6210526315789473,91.0
Class_4,0.6229508196721312,0.5588235294117647,0.5891472868217055,68.0
Class_5,0.6206896551724138,0.5714285714285714,0.5950413223140496,63.0
Class_6,0.8157894736842105,0.8985507246376812,0.8551724137931034,69.0
accuracy,0.6400966183574879,0.6400966183574879,0.6400966183574879,0.6400966183574879
macro avg,0.6393015208179887,0.6377128801412015,0.6374907890192035,414.0
weighted avg,0.6372923859498735,0.6400966183574879,0.6376447524582857,414.0
