,precision,recall,f1-score,support
Class_1,0.6119402985074627,0.7192982456140351,0.6612903225806452,57.0
Class_2,0.5454545454545454,0.45454545454545453,0.4958677685950413,66.0
Class_3,0.6,0.5934065934065934,0.5966850828729282,91.0
Class_4,0.59375,0.5588235294117647,0.5757575757575757,68.0
Class_5,0.55,0.5238095238095238,0.5365853658536585,63.0
Class_6,0.7435897435897436,0.8405797101449275,0.7891156462585034,69.0
accuracy,0.6135265700483091,0.6135265700483091,0.6135265700483091,0.6135265700483091
macro avg,0.6074557645919586,0.6150771761553832,0.6092169603197254,414.0
weighted avg,0.6082446601995596,0.6135265700483091,0.6089964648500926,414.0
