,precision,recall,f1-score,support
Class_1,0.7288135593220338,0.7543859649122807,0.7413793103448276,57.0
Class_2,0.5303030303030303,0.5303030303030303,0.5303030303030303,66.0
Class_3,0.625,0.6043956043956044,0.6145251396648044,91.0
Class_4,0.6885245901639344,0.6176470588235294,0.6511627906976745,68.0
Class_5,0.6774193548387096,0.6666666666666666,0.6719999999999999,63.0
Class_6,0.8205128205128205,0.927536231884058,0.870748299319728,69.0
accuracy,0.678743961352657,0.678743961352657,0.678743961352657,0.678743961352657
macro avg,0.6784288925234213,0.6834890928308616,0.6800197617216774,414.0
weighted avg,0.6751928719389536,0.678743961352657,0.6760316686465108,414.0
