,precision,recall,f1-score,support
Class_1,0.6329113924050633,0.819672131147541,0.7142857142857143,61.0
Class_2,0.5862068965517241,0.3469387755102041,0.43589743589743585,49.0
Class_3,0.3125,0.2830188679245283,0.297029702970297,53.0
Class_4,0.6428571428571429,0.5833333333333334,0.6116504854368933,108.0
Class_5,0.5377358490566038,0.76,0.6298342541436464,75.0
Class_6,0.7777777777777778,0.6176470588235294,0.6885245901639345,68.0
accuracy,0.5893719806763285,0.5893719806763285,0.5893719806763285,0.5893719806763285
macro avg,0.5816648431080519,0.568435027789856,0.5628703638163203,414.0
weighted avg,0.5955117919431133,0.5893719806763285,0.5816146637848651,414.0
